trend_bucket,views
long (6+),867454.2425213675
medium (3-5),400360.7343980903
short (1-2),137730.4195126494
