ratio_bucket,days_trended
high (>= 0.90),1.849653312788906
medium (0.70-0.90),1.547750089181063
low (< 0.70),1.502657654701752
